{"cameraMode":{"drawMode":0,"name":"Shaded","section":"Shading Mode"},"sceneLighting":true,"audioPlay":false,"sceneViewState":{"showFog":true,"showMaterialUpdate":false,"showSkybox":true,"showFlares":true,"showImageEffects":true,"showParticleSystems":true},"in2DMode":false,"pivot":{"x":46.840087890625,"y":1.848595380783081,"z":49.94464111328125},"rotation":{"x":-0.1453341245651245,"y":0.7335008978843689,"z":-0.165804922580719,"w":-0.6429396271705627},"size":1.920729398727417,"orthographic":false}