{"cameraMode":{"drawMode":0,"name":"Shaded","section":"Shading Mode"},"sceneLighting":true,"audioPlay":false,"sceneViewState":{"showFog":true,"showMaterialUpdate":false,"showSkybox":true,"showFlares":true,"showImageEffects":true,"showParticleSystems":true},"in2DMode":false,"pivot":{"x":49.82731246948242,"y":1.6258161067962647,"z":47.72607421875},"rotation":{"x":-0.15135852992534638,"y":0.5276473164558411,"z":-0.09618432074785233,"w":-0.8303183317184448},"size":3.8006975650787355,"orthographic":false}